{"cameraMode":{"drawMode":0,"name":"Shaded","section":"Shading Mode"},"sceneLighting":true,"audioPlay":false,"sceneViewState":{"m_AlwaysRefresh":false,"showFog":true,"showSkybox":true,"showFlares":true,"showImageEffects":true,"showParticleSystems":true,"showVisualEffectGraphs":true,"m_FxEnabled":true},"in2DMode":false,"pivot":{"x":-2.8367350101470949,"y":2.3140203952789308,"z":-0.5306602120399475},"rotation":{"x":-0.059871118515729907,"y":-0.9083922505378723,"z":0.13985729217529298,"w":-0.38974934816360476},"size":3.094625473022461,"orthographic":false}